begriff;uebersetzung;lektion;notiz
"a / ab (Präp. m. Abl.)";"von, von ... her";16;A
"ā basilicā";"von der Markthalle (her)";16;A
"ab oppidō";"von der Stadt (her)";16;A
"abīre, abeō, abiī";"weggehen";42;A
"ac / atque";"und, und auch";45;A
"accidere, accidō, accidī";"sich ereignen";47;A
"accipere, accipiō, accēpī, acceptum";"erhalten, erfahren";36;A
"accūsāre, accūsō";"anklagen, beschuldigen";35;A
"ācer, ācris, ācre";"energisch, heftig, scharf";34;A
"acerbus, a, um";"bitter, grausam, rücksichtslos";58;A
"Achillēs, Achillis (m)";"Achilles (griech. Held im Trojanischen Krieg)";43;A
"ad (Präp. m. Akk.)";"zu, bei, nach, an";12;A
"ad basilicam esse";"bei der Markthalle sein";12;A
"ad basilicam properāre";"zur Markthalle eilen";12;A
"addere, addō, addidī, additum";"hinzufügen";63;A
"addūcere, addūcō, addūxī, adductum";"heranführen, veranlassen";17;A
"adesse, adsum";"da sein, helfen";17;A
"amīcō adesse";"dem Freund helfen";17;A
"adhūc (Adv.)";"bis jetzt, noch";6;A
"adīre, adeō, adiī (m. Akk.)";"herantreten (an), bitten, aufsuchen";42;A
"senātōrem adīre";"an einen Senator herantreten, bitten";42;A
"circum Māximum adīre";"den Circus Maximus aufsuchen";42;A
"admonēre, admoneō";"ermahnen, auffordern, erinnern";66;A
"adversārius, a, um";"feindlich; Subst. Gegner, Feind";66;A
"adversus (Präp. m. Akk.)";"gegen";67;A
"adversus cōnsulēs";"gegen die Konsuln";67;A
"aedificāre, aedificō";"bauen";11;A
"aedificium";"Gebäude";11;A
"Aenēās, Aenēae (m)";"Aeneas (Trojaner und Stammvater der Römer)";32;A
"Aeolus";"Gott der Winde";6;A
"āēr, āeris (m)";"Luft";55;A
"aestās, aestātis (f)";"Sommer";38;A
"aestimāre, aestimō";"einschätzen, beurteilen; halten für";57;A
"aeternus, a, um";"ewig";68;A
"Aetna";"Ätna (Vulkan auf Sizilien)";10;A
"Africa";"Afrika";9;A
"affirmāre, affirmō";"behaupten, bestätigen";56;A
"ager, agrī (m)";"Acker, Feld, Gebiet";15;A
"agere, agō, ēgī, āctum";"handeln, treiben, verhandeln";29;A
"vītam agere";"ein Leben führen, leben";38;A
"agmen, agminis (n)";"Heereszug";64;A
"alere, alō, aluī, altum";"ernähren, großziehen";61;A
"alius, alia, aliud";"ein anderer";31;A
"alius ... alius";"der eine ... der andere";52;A
"Alpēs, Alpium (f Pl.)";"die Alpen";64;A
"altus, a, um";"hoch, tief";25;A
"amāre, amō";"lieben";8;A
"amīca";"Freundin";7;A
"amīcitia";"Freundschaft";63;A
"amīcus";"Freund";4;A
"āmittere, āmittō, āmīsī";"aufgeben, verlieren";24;A
"vītam āmittere";"sein Leben verlieren";24;A
"amor, amōris (m)";"Liebe";20;A
"amōre capī";"von Liebe ergriffen werden";53;A
"amphitheātrum";"Amphitheater";23;A
"Amūlius";"König von Alba Longa, Bruder des Numitor";35;A
"an (im Fragesatz)";"oder (etwa)";25;A
"animadvertere, animadvertō, animadvertī";"bemerken";31;A
"animal, animālis (n)";"Tier";49;A
"animus";"Geist, Mut, Gesinnung";20;A
"in animō habēre";"im Sinn haben, vorhaben";20;A
"bonō animō esse";"guten Mutes sein, zuversichtlich sein";54;A
"annus";"Jahr";23;A
"eō annō";"in diesem Jahr";30;A
"ante (Präp. m. Akk.)";"vor";12;A
"ante cēnam";"vor dem Essen";12;A
"ante villam";"vor dem Landhaus";12;A
"anteā (Adv.)";"vorher, früher";25;A
"antīquus, a, um";"alt, altertümlich";22;A
"aperīre, aperiō, aperuī";"aufdecken, öffnen";38;A
"apertus, a, um";"offen, offenkundig";63;A
"Apollō, Apollinis (m)";"Apollon, Gott der Künste";44;A
"appellāre, appellō";"anrufen; nennen";57;A
"appetere, appetō, appetīvī";"erstreben, haben wollen; angreifen";39;A
"apud (Präp. m. Akk.)";"bei";19;A
"apud amīcōs";"bei Freunden";19;A
"aqua";"Wasser";6;A
"āra";"Altar";6;A
"arcessere, arcessō, arcessīvī, arcessītum";"herbeirufen, holen";37;A
"Archimēdēs, Archimēdis (m)";"Archimedes, griech. Mathematiker und Ingenieur (287-212 v. Chr.)";66;A
"arēna";"Sand, Kampfplatz";45;A
"argentum";"Silber";65;A
"Ariadna";"Ariadne, Tochter des Königs Minos";56;A
"arma, armōrum (n Pl.)";"Gerät, Waffen";29;A
"arx, arcis (f)";"Burg";62;A
"Asia";"Asien";9;A
"aspicere, aspiciō, aspexī";"erblicken, ansehen";18;A
"at";"aber, dagegen, jedoch";53;A
"auctor, auctōris (m)";"Urheber, Gründer, Schriftsteller, Verfasser";44;A
"auctōritās, auctōritātis (f)";"Ansehen, Einfluss, Macht";52;A
"audācia";"Frechheit, Kühnheit";33;A
"audīre, audiō";"hören";10;A_B
"augēre, augeō, auxī, auctum";"vergrößern";10;A_B
"Augustus (m)";"erster römischer Kaiser, 27 v. Chr. - 14 n. Chr.";25;A_B
"aureus, a, um";"golden, aus Gold";39;A_B
"auris, auris (f)";"Ohr";68;A_B
"aut";"oder";64;A_B
"autem (nachgestellt)";"aber, andererseits";18;A_B
"auxiliō venīre";"zu Hilfe kommen";18;A_B
"auxilium";"Hilfe";17;A_B
"avidus, a, um (m. Gen.)";"(be)gierig (nach)";66;A_B
"avidus pecūniae";"gierig nach Geld, geldgierig";66;A_B
"āvertere, āvertō, āvertī, āversum";"abwenden";61;A_B
"Aventīnus";"der Aventin, am Tiber gelegener Hügel Roms";36;A_B
"avus";"Großvater";1;A_B
"basilica";"Marktalle, Gerichtshalle";12;A_B
"beātus, a, um";"glücklich, reich";38;A_B
"bellum";"Krieg";31;A_B
"bellum gerere";"Krieg führen";39;A_B
"bene (Adv.)";"gut";9;A_B
"beneficium";"Wohltat";11;A_B
"bēstia";"wildes Tier";22;A_B
"bibere, bibō, bibī";"trinken";17;A_B
"bonus, a, um";"gut, tüchtig";14;A_B
"brevī (tempore)";"nach kurzer Zeit, bald darauf";59;A_B
"Brūtus";"Brutus, Befreier Roms";40;A_B
"cadere, cadō, cecidī";"fallen";26;A_B
"caedere, caedō, cecidī";"fällen, töten";33;A_B
"Caesar, Caesaris (m)";"Cäsar; Kaiser";25;A_B
"caelum";"Himmel";22;A_B
"Camillus";"röm. Politiker und Feldherr, um 446-365 v. Chr.";53;A_B
"Campānia";"Kampanien, Landschaft südlich von Rom";16;A_B
"campus";"Feld, freier Platz";1;A_B
"cantāre, cantō";"singen, dichten";48;A_B
"capere, capiō, cēpī, captum";"fassen, nehmen";48;A_B
"Capitolium";"bedeutendster Hügel Roms";29;A_B
"captīvus";"Kriegsgefangener";11;A_B
"caput, capitis (n)";"Kopf; Hauptstadt";9;A_B
"carēre, careō (m. Abl.)";"frei sein von, ohne (etw.) sein";30;A_B
"carmen, carminis (n)";"Gedicht, Lied";48;A_B
"carrus";"Wagen, Karren";16;A_B
"Carthāgō, Carthāginis (f)";"Karthago, Stadt in Nordafrika";32;A_B
"cārus, a, um";"lieb, teuer, wertvoll";21;A_B
"castra, castrōrum (n Pl.)";"Lager";27;A_B
"Cassandra";"Tochter des Priamos";44;A_B
"causa";"Sache, Ursache, Grund";31;A_B
"cēdere, cēdō, cessī";"gehen, weichen";41;A_B
"celer, celeris, celere";"schnell";8;A_B
"cēnāre, cēnō";"essen";9;A_B
"cēna";"Mahlzeit, Essen";8;A_B
"cessāre, cessō";"zögern, rasten";45;A_B
"certus, a, um";"sicher, bestimmt";48;A_B
"certē / certō (Adv.)";"gewiss, sicherlich";31;A_B
"circiter (Adv.)";"ungefähr";50;A_B
"cibus";"Nahrung, Speise, Futter";6;A_B
"centum (indekl.)";"hundert";49;A_B
"cēterī, ae, a";"die übrigen";22;A_B
"Cerberus";"Zerberus, der dreiköpfige Höllenhund";30;A_B
"circum (Präp. m. Akk.)";"um ... herum";33;A_B
"circum mūrōs";"um die Mauern (herum)";33;A_B
"circumdare, circumdō, circumdedī, circumdatum";"umgeben";67;A_B
"cīvis, cīvis (m)";"Bürger";32;A_B
"cīvitās, cīvitātis (f)";"Gemeinde, Staat";21;A_B
"clāmāre, clāmō";"laut rufen, schreien";13;A_B
"clam (Adv.)";"heimlich";56;A_B
"clārus, a, um";"klar, hell, berühmt";19;A_B
"clāmor, clāmōris (m)";"Geschrei, Lärm";20;A_B
"clēmentia";"Milde, Nachsicht";51;A_B
"cōgitāre, cōgitō";"denken, beabsichtigen";32;A_B
"colere, colō, coluī, cultum";"bewirtschaften, pflegen; verehren";57;A_B
"comes, comitis (m/f)";"Begleiter(in), Gefährte, Gefährtin";34;A_B
"commūnis, e";"gemeinsam, allgemein";37;A_B
"commovēre, commoveō, commōvī, commōtum";"bewegen, veranlassen";58;A_B
"compertum est / -e";"es ist bekannt, dass";68;A_B
"comprehendere, comprehendō, comprehendī, comprehēnsum";"ergreifen, festnehmen";50;A_B
"concēdere, concēdō, concessī, concessum";"erlauben, gestatten; nachgeben, weichen";29;A_B
"Concordia";"Göttin der Eintracht; Eintracht, Einigkeit";11;A_B
"condere, condō, condidī, conditum";"gründen; verbergen, verwahren";36;A_B
"condiciō, condiciōnis (f)";"Bedingung, Lage, Verabredung";58;A_B
"cōnficere, cōnficiō, cōnfēcī, cōnfectum";"fertig machen, beenden";64;A_B
"cōnfirmāre, cōnfirmō";"bekräftigen, ermutigen, stärken";38;A_B
"conicere, coniciō, coniēcī, coniectum";"werfen, folgern, vermuten";52;A_B
"coniunx, coniugis (m/f)";"Gatte, Gattin";53;A_B
"cōnsīdere, cōnsīdō, cōnsēdī, cōnsessum";"sich niederlassen";53;A_B
"cōnsilium";"Beratung, Beschluss, Plan, Rat";11;A_B
"cōnsilium capere";"einen Plan (Entschluss) fassen";29;A_B
"cōnsistere, cōnsistō, cōnstitī";"stehen bleiben, haltmachen, sich aufstellen";17;A_B
"cōnspectus, cōnspectūs (m)";"Anblick, Blickfeld";45;A_B
"cōnstat";"es ist bekannt, es steht fest";31;A_B
"cōnstituere, cōnstituō, cōnstituī, cōnstitūtum";"festsetzen, beschließen";54;A_B
"cōnsul, cōnsulis (m)";"Konsul";65;A_B
"cōnsulere, cōnsulō, cōnsuluī, cōnsultum";"um Rat fragen; sorgen für; vorgehen gegen";60;A_B
"deōs cōnsulere";"die Götter um Rat fragen";60;A_B
"sociīs cōnsulere";"für die Verbündeten sorgen";60;A_B
"in hostēs cōnsulere";"gegen die Feinde vorgehen";60;A_B
"contemnere, contemnō, contempsī, contemptum";"verachten, nicht beachten";56;A_B
"contendere, contendō, contendī";"kämpfen; eilen; behaupten";43;A_B
"contrā (Präp. m. Akk.)";"gegen";43;A_B
"convenīre, conveniō, convēnī";"zusammenkommen, zusammenpassen";32;A_B
"convertere, convertō, convertī, conversum";"verändern, (um)wenden";67;A_B
"cōpia";"Menge, Vorrat, Möglichkeit; Pl. Truppen";6;A_B
"Coriolānus";"röm. Patrizier";61;A_B
"corpus, corporis (n)";"Körper, Leichnam";47;A_B
"cotīdiē (Adv.)";"täglich";66;A_B
"creāre, creō";"erschaffen, wählen";19;A_B
"crēdere, crēdō, crēdidī";"glauben, anvertrauen";37;A_B
"Crēta";"Kreta, Insel im Mittelmeer";10;A_B
"crīmen, crīminis (n)";"Verbrechen, Vorwurf";47;A_B
"crīminī dare";"zum Vorwurf machen";61;A_B
"crīminis damnāre";"wegen eines Verbrechens verurteilen";55;A_B
"crūdēlis, e";"grausam";35;A_B
"cui?";"wem?";5;A_B
"cultus, cultūs (m)";"Verehrung";67;C
"cum (Präp. m. Abl.)";"mit, zusammen mit";12;C
"cum (Subj. m. Ind.)";"als, nachdem";25;C
"cum (Subj. m. Konj.)";"als (plötzlich); (immer) wenn, während; obwohl";26;C
"cūnctī, ae, a";"alle (zusammen)";14;C
"cupere, cupiō, cupīvī, cupītum";"wünschen, verlangen";63;C
"cūr?";"warum?";2;C
"cūra";"Pflege, Sorge";38;C
"cūrae esse";"Sorge bereiten";61;C
"cūrāre, cūrō";"pflegen, sorgen für";61;C
"equum cūrāre";"das Pferd pflegen";25;C
"familiam cūrāre";"für die Familie sorgen";25;C
"cūria";"Sitzungsgebäude des Senats";11;C
"currere, currō, cucurrī";"laufen, eilen";45;C
"cūstōs, cūstōdis (m/f)";"Wächter(in)";62;C
"Daedalus";"Dädalus, berühmter Baumeister und Erfinder aus Athen";55;C_D
"damnāre, damnō (m. Gen.)";"verurteilen (wegen)";50;C_D
"fūrem crīminis damnāre";"einen Dieb wegen eines Verbrechens verurteilen";50;C_D
"dare, dō, dedī, datum";"geben";22;C_D
"crīminī dare";"zum Vorwurf machen";61;C_D
"in vincula dare";"fesseln, in Fesseln legen, gefangen nehmen";54;C_D
"dē (Präp. m. Abl.)";"von, von ... her, von ... weg, von ... herab; über";14;C_D
"dē templō";"vom Tempel herab";14;C_D
"dea";"Göttin";11;C_D
"dēbēre, dēbeō, dēbuī, dēbitum";"schulden";2;C_D
"decem (indekl.)";"zehn";14;C_D
"decimus, a, um";"der, die, das zehnte";24;C_D
"dēdūcere, dēdūcō, dēdūxī, dēductum";"hinführen, wegführen";61;C_D
"dēesse, dēsum";"abwesend sein, fehlen";17;C_D
"dēfendere, dēfendō, dēfendī, dēfēnsum";"verteidigen (vor / gegen)";35;C_D
"deinde (Adv.)";"dann, darauf";45;C_D
"dēlectāre, dēlectō";"erfreuen, unterhalten";8;C_D
"dēlēre, dēleō, dēlēvī, dēlētum";"zerstören, vernichten";6;C_D
"dēligere, dēligō, dēlēgī, dēlēctum";"auswählen";36;C_D
"dēmōnstrāre, dēmōnstrō";"beweisen, darlegen";33;C_D
"dēnique (Adv.)";"schließlich, zuletzt";42;C_D
"dēpōnere, dēpōnō, dēposuī, dēpositum";"niederlegen";18;C_D
"dēscendere, dēscendō, dēscendī";"herabsteigen";18;C_D
"dēserere, dēserō, dēseruī, dēsertum";"verlassen";29;C_D
"dēsīderāre, dēsīderō";"sich sehnen nach, vermissen";10;C_D
"patriam dēsīderāre";"sich nach der Heimat sehnen";10;C_D
"dēsīderium (m. Gen.)";"Sehnsucht, Verlangen (nach)";56;D_F
"dēsīderium tuī";"Sehnsucht nach dir";56;D_F
"dēsinere, dēsinō, dēsiī, dēsitum";"aufhören";62;D_F
"dēspērāre, dēspērō";"die Hoffnung aufgeben, verzweifeln";33;D_F
"dē salūte dēspērāre";"die Hoffnung auf Rettung aufgeben";33;D_F
"deus";"Gott, Gottheit";6;D_F
"dexter, dext(e)ra, dext(e)rum";"rechts";63;D_F
"dext(e)ra (manus)";"die Rechte, die rechte Hand";63;D_F
"dī!";"(oh) Götter!";26;D_F
"Diāna";"Göttin der Jagd";22;D_F
"dic!";"sag! sprich!";27;D_F
"dīcere, dīcō, dīxī, dictum";"sagen, sprechen; nennen, bezeichnen (als)";16;D_F
"Dīdō, Dīdōnis (f)";"Dido, Königin Karthagos";32;D_F
"diēs, diēī (m)";"Tag";41;D_F
"dignus, a, um (m. Abl.)";"wert, würdig (einer Sache)";46;D_F
"praemiō dignus";"einer Belohnung würdig";46;D_F
"dīligēns, dīligentis";"gewissenhaft, sorgfältig";44;D_F
"dīmittere, dīmittō, dīmīsī, dīmissum";"aufgeben, entlassen";69;D_F
"discere, discō, didicī";"lernen, erfahren";61;D_F
"discipulus";"Schüler";11;D_F
"diū (Adv.)";"lange (Zeit)";9;D_F
"dīves, dīvitis";"reich";44;D_F
"dīvitiae, dīvitiārum (f Pl.)";"Reichtum";27;D_F
"docēre, doceō, docuī";"lehren, unterrichten";4;D_F
"doctus, a, um";"gelehrt, gebildet";66;D_F
"dolēre, doleō";"schmerzen, wehtun";2;D_F
"Caput mihi dolet.";"Der Kopf tut mir weh.";49;D_F
"dolēre (m. Abl.)";"traurig sein über";30;D_F
"iniūriā dolēre";"über ein Unrecht traurig sein";30;D_F
"dolor, dolōris (m)";"Schmerz";23;D_F
"dolus";"List, Täuschung";9;D_F
"domina";"Herrin, Dame";8;D_F
"dominus";"Herr";3;D_F
"dōnāre, dōnō";"schenken";33;D_F
"dōnum";"Geschenk";11;D_F
"dubitāre, dubitō";"zweifeln; zögern (m. Inf.)";9;D_F
"dūc!";"führe!";27;D_F
"ducentī, ae, a";"zweihundert";49;D_F
"dūcere, dūcō, dūxī, ductum";"führen, ziehen; halten für";16;D_F
"dulcis, e";"angenehm, süß";35;D_F
"dum (Subj.)";"während, solange, bis";20;D_F
"duo, duae, duo";"zwei";16;D_F
"duodecim (indekl.)";"zwölf";29;D_F
"duodēvīgintī (indekl.)";"achtzehn";49;D_F
"dux, ducis (m/f)";"Anführer(in)";51;D_F
"ē / ex (Präp. m. Abl.)";"aus, von ... her";12;D_F
"ē patriā";"aus der Heimat";12;D_F
"ex Āfricā";"aus Afrika";12;D_F
"eā hōrā";"in dieser Stunde";30;D_F
"ecce";"schau! sieh da! schaut! seht da!";28;D_F
"ēdūcere, ēdūcō";"herausführen";17;D_F
"efficere, efficiō, effēcī, effectum";"bewirken, herstellen";61;D_F
"effugere, effugiō, effūgī (m. Akk.)";"entfliehen, entkommen";59;D_F
"ego";"ich (betont)";13;D_F
"eius modī / eiusmodī";"derartig, so beschaffen";54;D_F
"enim (nachgestellt)";"nämlich";28;D_F
"ēnsis, ēnsis (m)";"Schwert";66;D_F
"eō annō";"in diesem Jahr";30;D_F
"equidem";"(ich) allerdings, freilich";45;D_F
"equus";"Pferd";1;D_F
"ergō (Adv.)";"also, deshalb";39;D_F
"errāre, errō";"umherirren, sich irren";13;D_F
"esse, sum, fuī";"sein, sich befinden";2;D_F
"et";"und, auch";1;D_F
"et ... et";"sowohl ... als auch";37;D_F
"etiam";"auch, sogar";5;D_F
"etsī";"auch wenn, obwohl";28;D_F
"Eurōpa (Erdteil)";"Europa";9;D_F
"Eurōpa (Tochter des phönizischen Königs Agenor)";"Europa";53;D_F
"Eurydica";"Eurydike, Gattin des Orpheus";58;D_F
"Eurystheus (m)";"Eurystheus, mythischer König";29;D_F
"excitāre, excitō";"erregen, ermuntern, wecken";46;D_F
"exercēre, exerceō";"üben, trainieren; quälen";23;D_F
"exercitus, exercitūs (m)";"Heer";62;D_F
"eximius, a, um";"außergewöhnlich, außerordentlich";66;D_F
"exīre, exeō, exiī";"herausgehen, hinausgehen";42;D_F
"exīstimāre, exīstimō";"meinen, einschätzen";22;D_F
"expellere, expellō, expulī, expulsum";"vertreiben, verbannen";64;D_F
"exspectāre, exspectō";"warten (auf), erwarten";10;D_F
"fābula";"Erzählung, Geschichte, Theaterstück";27;D_F
"facere, faciō, fēcī, factum";"machen, tun, handeln; jdn. zu etw. machen";18;D_F
"sacrum facere";"ein Opfer bringen, opfern";18;D_F
"facilis, e";"leicht (zu tun)";43;D_F
"factum";"Handlung, Tat, Tatsache";29;D_F
"fallere, fallō, fefellī";"täuschen, betrügen";59;D_F
"falsus, a, um";"falsch";68;D_F
"fāma";"guter/schlechter Ruf, Gerücht";68;D_F
"familia";"Familie";9;D_F
"Faustulus";"Hirte, der Romulus und Remus entdeckte";34;D_F
"fēlīx, fēlīcis";"erfolgreich, glückbringend, glücklich";44;D_F
"fēmina";"Frau";42;D_F
"ferōx, ferōcis";"wild, trotzig";66;D_F
"ferrum";"Eisen; Waffe";33;D_F
"fidem servāre";"die Treue halten; sein Wort halten";59;D_F
"fidēs, fideī (f)";"Glaube, Treue, Vertrauen, Zuverlässigkeit";59;F_I
"figūra";"Figur, Form, Gestalt";66;F_I
"fīlia";"Tochter";8;F_I
"fīlius";"Sohn";9;F_I
"fīnis, fīnis (m)";"Ende, Grenze, Ziel; Pl. Gebiet";32;F_I
"flāgitium";"Schandtat, Gemeinheit";46;F_I
"flectere, flectō, flexī, flexum";"biegen, (hin)lenken, umstimmen";58;F_I
"flēre, fleō, flēvī";"weinen, beweinen";5;F_I
"fluvius";"Fluss";29;F_I
"fōns, fontis (m)";"Quelle, Ursprung";24;F_I
"fōrma";"Form, Gestalt, Schönheit";42;F_I
"fōrmōsus, a, um";"schön, hübsch";56;F_I
"fortis, e";"kräftig, tapfer";35;F_I
"fortūna";"Schicksal, Glück";37;F_I
"forum";"Forum, Marktplatz";11;F_I
"frangere, frangō, frēgī, frāctum";"zerbrechen (trans.)";61;F_I
"Servus tabulam frangit.";"Der Sklave zerbricht die Schreibtafel.";61;F_I
"Tabula frangitur.";"Die Schreibtafel wird zerbrochen / zerbricht.";61;F_I
"frāter, frātris (m)";"Bruder";21;F_I
"fraus, fraudis (f)";"Betrug, List";56;F_I
"frequēns, frequentis";"häufig, zahlreich";68;F_I
"frūmentum";"Getreide";11;F_I
"fuga";"Flucht";26;F_I
"fugere, fugiō, fūgī (m. Akk.)";"fliehen (vor), meiden";43;F_I
"perīculum fugere";"vor der Gefahr fliehen, die Gefahr meiden";43;F_I
"fundere, fundō, fūdī";"(aus)gießen, zerstreuen";48;F_I
"fūr, fūris (m)";"Dieb";20;F_I
"furor, furōris (m)";"Wahnsinn, Wut";67;F_I
"Gallus, a, um";"gallisch; Subst. Gallier";62;F_I
"gaudēre, gaudeō";"sich freuen";4;F_I
"gaudēre (m. Abl.)";"sich freuen über";30;F_I
"auxiliō gaudēre";"sich über die Hilfe freuen";30;F_I
"gemitus, gemitūs (m)";"Seufzen, Traurigkeit";40;F_I
"gēns, gentis (f)";"Familienverband, Stamm, Volk";47;F_I
"genus, generis (n)";"Abstammung, Art, Geschlecht";48;F_I
"gerere, gerō, gessī, gestum";"ausführen, führen, tragen";39;F_I
"bellum gerere";"Krieg führen";39;F_I
"gladiātor, gladiātōris (m)";"Gladiator";23;F_I
"gladius";"Schwert";5;F_I
"glōria";"Ruhm, Ehre";37;F_I
"Graecia";"Griechenland";50;F_I
"Graecus, a, um";"griechisch; Subst. der Grieche";31;F_I
"grātia";"Dank";6;F_I
"grātiam habēre";"danken, dankbar sein";6;F_I
"gravis, e";"schwer";51;F_I
"habēre, habeō";"haben, halten";6;F_I
"habitāre, habitō";"wohnen, bewohnen";10;F_I
"haerēre, haereō, haesī";"hängen, stecken bleiben";62;F_I
"Hamilcar, Hamilcaris (m)";"Hamilkar, Vater Hannibals";63;F_I
"Hannibal, Hannibalis (m)";"Hannibal, karthagischer Feldherr, 247-183 v. Chr.";63;F_I
"Hector, Hectoris (m)";"Hektor, trojanischer Held im Kampf gegen die Griechen";43;F_I
"Herculēs, Herculis (m)";"Herkules, sagenhafter Held";28;F_I
"herī (Adv.)";"gestern";21;F_I
"Hersilia";"Ehefrau des Romulus";38;F_I
"hīc (Adv.)";"hier";3;F_I
"hic, haec, hoc";"dieser, diese, dieses; folgender";43;F_I
"hodiē (Adv.)";"heute";19;F_I
"homō, hominis (m)";"Mensch";24;F_I
"honestus, a, um";"ehrenhaft, angesehen";31;F_I
"honor, honōris (m)";"Ehre, Ehrenamt";19;F_I
"in honōre esse";"in Ehren stehen, angesehen sein";19;F_I
"hōra";"Stunde";24;F_I
"eā hōrā";"in dieser Stunde";30;F_I
"multās hōrās";"viele Stunden lang";24;F_I
"hortus";"Garten";66;F_I
"hostia";"Opfertier, Schlachtopfer";48;F_I
"hostis, hostis (m)";"Feind (Landesfeind)";37;F_I
"hostēs petere";"die Feinde angreifen";43;F_I
"hostibus īnstāre";"den Feinden hart zusetzen";46;F_I
"hūc (Adv.)";"hierher";51;F_I
"iacēre, iaceō";"liegen";27;F_I
"iam (Adv.)";"schon, bereits; nun";4;F_I
"nōn iam";"nicht mehr";4;F_I
"ibī (Adv.)";"dort";3;F_I
"Īcarus";"Ikarus, Sohn des Dädalus";55;F_I
"īdem, eadem, idem";"derselbe, der gleiche";62;F_I
"idem ... quī";"derselbe ... wie";62;F_I
"idōneus, a, um";"geeignet, passend";36;F_I
"igitur (Adv.)";"also, folglich";40;F_I
"ignis, ignis (m)";"Feuer";49;F_I
"īgnōtus, a, um";"unbekannt";65;F_I
"ille, illa, illud";"jener, jene, jenes; der (dort); damalig, berühmt";43;F_I
"immānis, e";"furchtbar, schrecklich";56;F_I
"immō (Adv.)";"im Gegenteil, ja sogar";59;F_I
"immortālis, e";"unsterblich";63;F_I
"impedīre, impediō";"hindern, verhindern";50;I_L
"impellere, impellō, impulī, impulsum";"antreiben, veranlassen";60;I_L
"imperāre, imperō";"befehlen, herrschen (über)";15;I_L
"imperātor, imperātōris (m)";"Befehlshaber, Feldherr, Kaiser";19;I_L
"imperium";"Befehl, Herrschaft, Reich";14;I_L
"impetus, impetūs (m)";"Angriff, Schwung";45;I_L
"in (Präp. m. Abl.)";"in, an, auf, bei (wo?)";12;I_L
"in (Präp. m. Akk.)";"in (... hinein), nach (wohin?)";12;I_L
"indicāre, indicō";"anzeigen, melden";12;I_L
"īnfēlīx, īnfēlīcis";"unglücklich";46;I_L
"īnferī, īnferōrum (m Pl.)";"die Bewohner der Unterwelt, Unterwelt";59;I_L
"ingenium";"Begabung, Talent, Verstand";11;I_L
"ingēns, ingentis";"gewaltig, ungeheuer";45;I_L
"inīre, ineō, iniī";"hineingehen (in), beginnen";42;I_L
"intrā mūrōs inīre";"innerhalb der Mauern beginnen";9;I_L
"iniūria";"Unrecht, Beleidigung, Rechtsverletzung";19;I_L
"īnsidiae, īnsidiārum (f Pl.)";"Falle, Attentat, Hinterlist";64;I_L
"īnstāre, īnstō, īnstitī";"bevorstehen; den Feinden hart zusetzen";46;I_L
"hostibus īnstāre";"den Feinden hart zusetzen";46;I_L
"īnsula";"Insel; Wohnblock";7;I_L
"interficere, interficiō, interfēcī, interfectum";"töten, vernichten";23;I_L
"interrogāre, interrogō";"fragen";54;I_L
"intrā (Präp. m. Akk.)";"innerhalb (von)";61;I_L
"intrā mūrōs";"innerhalb der Mauern";61;I_L
"intrā decem annōs";"innerhalb von zehn Jahren";61;I_L
"intrāre, intrō";"betreten, eintreten";8;I_L
"intus (Adv.)";"im Inneren, innen";44;I_L
"invādere, invādō, invāsī, invāsum";"eindringen, sich verbreiten, befallen";66;I_L
"invenīre, inveniō, invēnī, inventum";"finden, erfinden";13;I_L
"invītus, a, um";"ungern, gegen den Willen";68;I_L
"ipse, ipsa, ipsum";"selbst; persönlich; gerade, sogar hervorhebend";56;I_L
"īra";"Zorn, Wut";50;I_L
"īre, eō, iī, itum";"gehen";42;I_L
"is, ea, id";"dieser, diese, dieses; er, sie, es";27;I_L
"eā hōrā";"in dieser Stunde";30;I_L
"eō annō";"in diesem Jahr";30;I_L
"iste, ista, istud";"dieser, diese, dieses (bei dir)";30;I_L
"itaque";"deshalb";5;I_L
"iter, itineris (n)";"Reise, Marsch, Weg";64;I_L
"iterum";"wiederum, zum zweiten Mal";5;I_L
"iterum atque iterum";"immer wieder";46;I_L
"iubēre, iubeō, iussī, iussum";"befehlen";58;I_L
"iūdex, iūdicis (m)";"Richter";42;I_L
"Iūnō, Iūnōnis (f)";"Juno, Göttin der Ehe und der Frauen";29;I_L
"Iuppiter, Iovis (m)";"Jupiter, höchster Gott der Römer";22;I_L
"iūrāre, iūrō";"schwören";63;I_L
"iuvāre, iuvō, iūvī, iūtum";"unterstützen, helfen";60;I_L
"iuvenis, iuvenis (m)";"junger Mann; Adj. jung";34;I_L
"iuventūs, iuventūtis (f)";"Jugend";67;I_L
"labor, labōris (m)";"Arbeit, Anstrengung";29;I_L
"labōrāre, labōrō";"arbeiten, sich anstrengen sein wegen";8;I_L
"lacrima";"Träne";7;I_L
"laedere, laedō, laesī, laesum";"beschädigen, verletzen, beleidigen";45;I_L
"laetitia";"Freude";7;I_L
"laetus, a, um";"froh; fruchtbar";40;I_L
"Lāocoōn, Lāocoontis (m)";"Laokoon, trojanischer Priester";31;I_L
"Lātōna";"Latona, röm. Göttin, Mutter der Zwillinge Apollo und Diana";57;I_L
"lātus, a, um";"breit, ausgedehnt";5;I_L
"laudāre, laudō";"loben";14;I_L
"legere, legō, lēgī, lēctum";"lesen; auswählen";24;I_L
"leō, leōnis (m)";"Löwe";7;I_L
"lēx, lēgis (f)";"Gesetz, Bedingung";50;I_L
"libenter (Adv.)";"gerne";11;I_L
"līber, lībrī (m)";"Buch";44;I_L
"līber, lībera, līberum";"frei";15;I_L
"līber, lībera, līberum (ā)";"frei von";30;I_L
"licet";"es ist erlaubt, es ist möglich";19;I_L
"lingua";"Sprache, Rede";3;I_L
"littera";"Buchstabe; Pl. Brief; Literatur, Wissenschaft";50;L_N
"lītus, lītoris (n)";"Küste, Strand";53;L_N
"Līvius (Titus Līvius)";"berühmter röm. Geschichtsschreiber, 59 v.Chr. - 17 n.Chr.";36;L_N
"locus";"Ort, Platz, Stelle";35;L_N
"Lucrētia";"Heldin der römischen Frühgeschichte";41;L_N
"lūctus, lūctūs (m)";"Trauer";65;L_N
"lūdus";"Spiel; Schule";10;L_N
"lūx, lūcis (f)";"Licht, Tageslicht";26;L_N
"prīmā lūce";"bei Tagesanbruch";30;L_N
"luxuria";"Luxus, Prunk";27;L_N
"magis";"mehr";18;L_N
"magis ... quam";"mehr ... als";18;L_N
"magister, magistrī (m)";"Lehrer, Meister";15;L_N
"magnitūdō, magnitūdinis (f)";"Größe";24;L_N
"magnus, a, um";"groß, bedeutend";14;L_N
"magnā vōce";"mit lauter Stimme";26;L_N
"mālle, mālō, māluī";"lieber wollen";25;L_N
"malus, a, um";"schlecht, schlimm";25;L_N
"manēre, maneō, mānsī";"bleiben, (er)warten";18;L_N
"manus, manūs (f)";"Hand; Schar (von Bewaffneten)";40;L_N
"mare, maris (n)";"Meer";49;L_N
"marītus";"Ehemann";32;L_N
"Mārs, Mārtis (m)";"Mars, röm. Kriegsgott";43;L_N
"māter, mātris (f)";"Mutter";21;L_N
"maximē (Adv.)";"am meisten, besonders";36;L_N
"mē (Akk.)";"mich";13;L_N
"mēcum";"mit mir";13;L_N
"medius, a, um";"der mittlere, in der Mitte (von)";41;L_N
"mediā in turbā";"mitten in der Menge";43;L_N
"memoria";"Erinnerung, Gedächtnis; Zeit";43;L_N
"memoriā tenēre";"im Gedächtnis behalten";43;L_N
"memoriā patrum";"zur Zeit der Väter";43;L_N
"mēnsa";"(Ess-)Tisch";8;L_N
"mercātor, mercātōris (m)";"Kaufmann, Händler";19;L_N
"Mercurius";"Merkur, der Götterbote";22;L_N
"metuere, metuō, metuī";"sich fürchten (vor)";69;L_N
"metus, metūs (m)";"Angst";14;L_N
"meus, a, um";"mein";13;L_N
"mihi (Dat.)";"mir";13;L_N
"mīles, mīlitis (m)";"Soldat";34;L_N
"mille (Sg. indekl.)";"tausend";49;L_N
"mīlia, mīlium (n Pl.)";"tausende";49;L_N
"Minerva";"Göttin der Weisheit";56;L_N
"Mīnōtaurus";"der Minotaurus, ein halb menschengestaltiges Ungeheuer";56;L_N
"mīrus, a, um";"erstaunlich, sonderbar";25;L_N
"miser, misera, miserum";"arm, erbärmlich, unglücklich";15;L_N
"miseria";"Not, Unglück";56;L_N
"mittere, mittō, mīsī, missum";"(los)lassen, schicken";22;L_N
"modestia";"Bescheidenheit, Anstand";27;L_N
"modus";"Art, Weise; Maß";50;L_N
"moenia, moenium (n Pl.)";"Mauern, Stadtmauern";49;L_N
"monēre, moneō, monuī, monitum";"mahnen, ermahnen";2;L_N
"mōns, montis (m)";"Berg";24;L_N
"summus mōns";"Berggipfel, die höchste Stelle des Berges";59;L_N
"mōnstrum";"Ungeheuer";26;L_N
"monumentum";"Denkmal";28;L_N
"mora";"Aufenthalt, Verzögerung";55;L_N
"mors, mortis (f)";"Tod";23;L_N
"mortālis, e";"sterblich; Subst. Mensch";54;L_N
"mortuus, a, um";"gestorben, tot; Subst. der Tote";17;L_N
"mōs, mōris (m)";"Sitte, Brauch; Pl. Charakter";38;L_N
"movēre, moveō, mōvī, mōtum";"bewegen";7;L_N
"beeindrucken";"beeindrucken";7;L_N
"mox (Adv.)";"bald";7;L_N
"mulier, muliēris (f)";"Frau";20;L_N
"multa, ōrum (n Pl.)";"vieles";44;L_N
"multa scīre";"viel(es) wissen";44;L_N
"multitūdō, multitūdinis (f)";"große Zahl, Menge";24;L_N
"multum (Adv.)";"sehr, viel";36;L_N
"multum valēre";"großen Einfluss haben";36;L_N
"multus, a, um";"viel";14;L_N
"mūnīre, mūniō";"bauen, befestigen, schützen";33;L_N
"mūrus";"Mauer";1;L_N
"mūtāre, mūtō";"(ver)ändern, verwandeln";45;L_N
"nam";"denn, nämlich";3;L_N
"narrāre, narrō";"erzählen";14;L_N
"dē lūdō narrāre";"vom Spiel / über das Spiel erzählen";14;L_N
"nātiō, nātiōnis (f)";"Volk, Volksstamm";24;L_N
"nātūra";"Natur, Wesen, Beschaffenheit";36;L_N
"nāvigium";"Schiff";46;L_N
"nāvis, nāvis (f)";"Schiff";49;L_N
"nē (Partikel im dir. Fragesatz, unübersetzt)";"";13;L_N
"nē ... m. Konj.";"dass nicht; (nach Ausdrücken des Fürchtens)";65;L_N
"nē m. Subj. (nach Verben des Wollens)";"dass damit nicht, um nicht zu (m. Inf.)";65;L_N
"perīculum est, nē";"es besteht die Gefahr, dass";65;L_N
"timēre, nē";"fürchten, dass";43;L_N
"nē quidem";"nicht einmal";43;L_N
"nē Mārs quidem";"nicht einmal Mars";54;L_N
"necessārius, a, um";"notwendig";69;L_N
"necesse (est)";"(es ist) notwendig";57;L_N
"nefārius, a, um";"gottlos, verbrecherisch";47;L_N
"negāre, negō";"leugnen, verneinen, verweigern";47;L_N
"neglegere, neglegō, neglēxī, neglēctum";"nicht (be)achten";60;L_N
"negōtium";"Aufgabe, Geschäft; Angelegenheit";23;L_N
"nēmō, nēminis";"niemand";55;L_N
"Neptūnus";"Neptun, Gott des Meeres";22;L_N
"neque / nec";"und nicht, auch nicht";3;L_N
"neque ... neque";"weder ... noch";3;L_N
"nescīre, nesciō";"nicht wissen, nicht kennen";27;L_N
"nihil";"nichts";10;O_P
"niger, nigra, nigrum";"schwarz, dunkel";18;O_P
"nōbilis, e";"vornehm";16;O_P
"nōmen, nōminis (n)";"Name";47;O_P
"nōn";"nicht";1;O_P
"nōn iam";"nicht mehr";4;O_P
"nōndum";"noch nicht";4;O_P
"nōnne";"etwa nicht?";18;O_P
"nōnnūllī, ae, a";"einige, manche";44;O_P
"nōs, nostrum / nostrī";"wir; unser";15;O_P
"noster, nostra, nostrum";"unser";12;O_P
"novus, a, um";"neu, ungewöhnlich";14;O_P
"nox, noctis (f)";"Nacht";26;O_P
"nūbere, nūbō, nūpsī, nūptum (m. Dat.)";"heiraten";58;O_P
"iuvenī nūbere";"einen jungen Mann heiraten";58;O_P
"nūllus, a, um";"kein";42;O_P
"num? (im Hauptsatz)";"etwa?";49;O_P
"numerus";"Zahl, Menge";49;O_P
"Numitor, Numitōris (m)";"Numitor, Großvater von Romulus und Remus";4;O_P
"numquam (Adv.)";"niemals";4;O_P
"nunc (Adv.)";"nun, jetzt";2;O_P
"nūntiāre, nūntiō";"melden";22;O_P
"nūntius";"Bote, Nachricht";16;O_P
"obicere, obiciō, obiēcī, obiectum";"darbieten, vorwerfen";46;O_P
"sceleratum bēstiīs obicere";"einen Verbrecher den wilden Tieren vorwerfen";46;O_P
"comitium obicere";"dem Gefährten ein Unrecht vorwerfen";46;O_P
"obsecrāre, obsecrō";"anflehen, bitten";59;O_P
"occidere, occidō, occidī";"zu Boden fallen, umkommen";33;O_P
"occidere, occīdō, occīdī, occīsum";"niederschlagen, töten";65;O_P
"occultē (Adv.)";"heimlich, im Verborgenen";33;O_P
"occupāre, occupō";"besetzen, einnehmen";69;O_P
"octāvus, a, um";"der (die, das) achte";51;O_P
"octō (indekl.)";"acht";14;O_P
"oculus";"Auge";2;O_P
"odiō esse";"verhasst sein";63;O_P
"odium";"Hass";63;O_P
"officium";"Dienst, Pflicht(gefühl)";30;O_P
"Olympus";"Olymp, Götterberg in Makedonien";42;O_P
"omnēs, omnia";"alle, alles";58;O_P
"omnia sibī vindicāre";"alles für sich beanspruchen";57;O_P
"opprimere, opprimō, oppressī, oppressum";"niederwerfen, unterdrücken, bedrohen";67;O_P
"oppidum";"Stadt (Kleinstadt)";16;O_P
"ops, opis (f)";"Hilfe, Beistand; Pl. Macht, Reichtum";32;O_P
"optimus, a, um";"der/die/das beste";32;O_P
"orāre, ōrō";"(an)beten, bitten";65;O_P
"ōrātiō, ōrātiōnis (f)";"Rede";64;O_P
"ōrnāmentum";"Schmuck(stück)";12;O_P
"ostendere, ostendō, ostendī";"zeigen, erklären";16;O_P
"paene (Adv.)";"fast";51;O_P
"Palātium";"der Palatin, einer der sieben Hügel Roms";36;O_P
"parāre, parō";"(vor)bereiten, vorhaben";8;O_P
"parcere, parcō, pepercī (m. Dat.)";"schonen, verschonen";60;O_P
"captīvīs parcere";"die Kriegsgefangenen schonen (ver)schonen";60;O_P
"pārēre, pāreō";"gehorchen";2;O_P
"parere, pariō, peperī, partum";"zur Welt bringen, gebären; schaffen";57;O_P
"fīlium parere";"einen Sohn zur Welt bringen";57;O_P
"glōriam parere";"(sich) Ruhm (ver)schaffen";57;O_P
"pars, partis (f)";"Teil, Seite";23;O_P
"parvus, a, um";"klein, gering";21;O_P
"pater, patris (m)";"Vater";21;O_P
"patēre, pateō";"offenstehen";7;O_P
"patria";"Heimat";9;O_P
"paucī, ae, a";"wenige";52;O_P
"paulātim (Adv.)";"allmählich";31;O_P
"paulō post";"(ein) wenig später";30;O_P
"pauper, pauperis";"arm";44;O_P
"pāx, pācis (f)";"Frieden";51;O_P
"pectus, pectoris (n)";"Brust, Herz";47;O_P
"pecūnia";"Geld, Vermögen";20;O_P
"pellere, pellō, pepulī, pulsum";"stoßen, schlagen, (ver)treiben";34;O_P
"per (Präp. m. Akk.)";"durch, hindurch";16;O_P
"perdere, perdō, perdidī, perditum";"verlieren, verschwenden, zugrunde richten";45;O_P
"pergere, pergō, perrēxī";"aufbrechen; weitermachen";67;O_P
"perīculum";"Gefahr";25;O_P
"perīculum est, nē";"es besteht die Gefahr, dass";65;O_P
"perīre, pereō, periī";"umkommen, zugrunde gehen";48;O_P
"perniciēs, perniciēī (f)";"Verderben, Vernichtung";41;O_P
"persuādēre, persuādeō, persuāsī, persuāsum (m. Dat.)";"überreden, überzeugen";60;O_P
"senātōribus persuādēre";"die Senatoren überzeugen";60;O_P
"perterrēre, perterreō, perterruī, perterritum";"sehr erschrecken, einschüchtern";46;P_Q
"pertinēre, pertineō ad (m. Akk.)";"betreffen, gehören (zu), sich erstrecken (bis)";40;P_Q
"pervenīre, perveniō, pervēnī, perventum ad / in (m. Akk.)";"kommen zu / nach";68;P_Q
"ad forum pervenīre";"zum Forum kommen";68;P_Q
"pēs, pedis (m)";"Fuß";47;P_Q
"petere, petō, petīvī, petītum";"aufsuchen, (er)streben, bitten, verlangen";19;P_Q
"hostēs petere";"die Feinde angreifen";43;P_Q
"pius, a, um";"fromm, gerecht, pflichtbewusst";32;P_Q
"placēre, placeō";"gefallen";5;P_Q
"placet (m. Dat.)";"es gefällt jdm., jd. beschließt";54;P_Q
"mihi placet";"es gefällt mir, ich beschließe";54;P_Q
"placidus, a, um";"friedlich, ruhig, sanft";46;P_Q
"plēbs, plēbis (f)";"nicht adeliges, einfaches Volk";60;P_Q
"plēnus, a, um (m. Gen.)";"voll (von / mit)";17;P_Q
"plēnus timōris";"voller Angst";54;P_Q
"Plūtō, Plūtōnis (m)";"Pluto, Gott der Unterwelt";30;P_Q
"poena";"Strafe";50;P_Q
"poenam solvere";"Strafe bezahlen, bestraft werden";55;P_Q
"Poenus, a, um";"punisch, karthagisch; Subst. Punier, Karthager";64;P_Q
"Pompēiī, Pompēiōrum (m Pl.)";"Pompeji, Stadt in Mittelitalien";67;P_Q
"Pompēiānus, a, um";"pompejanisch; Subst. Pompejaner";67;P_Q
"pōnere, pōnō, posuī, positum";"(auf)stellen, (hin)legen, setzen";61;P_Q
"populus";"Volk";6;P_Q
"porta";"Tor";11;P_Q
"portāre, portō";"bringen, tragen";17;P_Q
"portus, portūs (m)";"Hafen";40;P_Q
"posse, possum, potuī";"können";17;P_Q
"post (Präp. m. Akk.)";"hinter, nach";12;P_Q
"post vīllam";"hinter dem Landhaus";12;P_Q
"post cēnam";"nach dem Essen";12;P_Q
"posteā (Adv.)";"nachher, später";26;P_Q
"postquam (Subj. m. Ind.)";"nachdem, als";35;P_Q
"postrēmō (Adv.)";"schließlich";65;P_Q
"pōstulāre, pōstulō";"fordern";65;P_Q
"potēns, potentis";"mächtig, stark";57;P_Q
"potestās, potestātis (f)";"Amtsgewalt, Macht";21;P_Q
"praebēre, praebeō";"geben, hinhalten";4;P_Q
"praeclārus, a, um";"großartig";53;P_Q
"praeda";"Beute";65;P_Q
"praeesse, praesum, praefuī (m. Dat.)";"leiten, an der Spitze stehen";60;P_Q
"praemium";"Belohnung, Lohn";39;P_Q
"praestāre, praestō, praestitī (m. Akk.)";"gewähren, leisten, zeigen";28;P_Q
"praeterīre, praetereō, praeteriī";"vorbeigehen (an), übergehen";42;P_Q
"castra praeterīre";"am Lager vorbeigehen";42;P_Q
"factum praeterīre";"eine Tatsache übergehen";42;P_Q
"premere, premō, pressī, pressum";"(unter)drücken, bedrängen";59;P_Q
"pretium";"Preis, Wert";12;P_Q
"prex, precis (f)";"Bitte, Gebet";48;P_Q
"prīmā lūce";"bei Tagesanbruch";30;P_Q
"prīmō (Adv.)";"zuerst";4;P_Q
"prīmum (Adv.)";"erstens, zuerst, zum ersten Mal";25;P_Q
"prīmus, a, um";"der (die, das) erste";23;P_Q
"priusquam (Subj.)";"bevor, eher als";55;P_Q
"prō (Präp. m. Abl.)";"vor; anstelle von, für";60;P_Q
"prō domō sedēre";"vor dem Haus sitzen";60;P_Q
"prō amīcō respondēre";"für den Freund, anstelle des Freundes antworten";60;P_Q
"probāre, probō";"prüfen, beweisen, für gut befinden";12;P_Q
"prōcēdere, prōcēdō, prōcessī, prōcessum";"(vorwärts)gehen, vorrücken";64;P_Q
"proelium";"Kampf, Schlacht";62;P_Q
"profectō (Adv.)";"sicherlich, tatsächlich";6;P_Q
"prohibēre, prohibeō (ā, m. Abl.)";"abhalten (von), hindern (an)";30;P_Q
"prōmittere, prōmittō, prōmīsī, prōmissum";"versprechen";59;P_Q
"prōnūntiāre, prōnūntiō";"bekannt geben, vortragen";49;P_Q
"properāre, properō";"eilen, sich beeilen";8;P_Q
"propter (Präp. m. Akk.)";"wegen";23;P_Q
"prōtinus (Adv.)";"sofort";69;P_Q
"prōvidēre, prōvideō, prōvīdī, prōvīsum";"vorhersehen; sorgen für";60;P_Q
"perīculum prōvidēre";"eine Gefahr vorhersehen";60;P_Q
"cīvibus prōvidēre";"für die Bürger sorgen";60;P_Q
"prōvincia";"Provinz";9;P_Q
"puella";"Mädchen, Freundin";1;P_Q
"puer, puerī (m)";"Junge, Bub";15;P_Q
"pūgna";"Kampf";9;P_Q
"pūgnāre, pūgnō";"kämpfen";9;P_Q
"pulcher, pulchra, pulchrum";"schön";15;P_Q
"putāre, putō";"glauben, meinen; halten für";31;P_Q
"quadrāgintā (indekl.)";"vierzig";49;P_Q
"quaerere, quaerō, quaesīvī, quaesītum";"erwerben wollen, suchen, fragen (jdn.)";32;P_Q
"ē mercātōre pretium quaerere";"den Händler nach dem Preis fragen";60;P_Q
"quam";"als, wie";18;P_Q
"quam ... quam";"mehr ... als";18;P_Q
"tam ... quam";"so ... wie";21;R_S
"quamvis (Subj.)";"obwohl, wie schön (es) ist";20;R_S
"quandō";"wann";38;R_S
"quārtus, a, um";"der (die, das) vierte";18;R_S
"quattuor (indekl.)";"vier";18;R_S
"quattuordecim (indekl.)";"vierzehn";29;R_S
"-que (angehängt)";"und";1;R_S
"servī servaeque";"Sklaven und Sklavinnen";14;R_S
"quemadmodum";"auf welche Weise, wie";37;R_S
"quī, quae, quod";"der, die, das; welcher, welche, welches";18;R_S
"quia (Subj.)";"weil";2;R_S
"quid?";"was?";2;R_S
"quidam (Adv.)";"freilich, gewiss, wenigstens, zwar";33;R_S
"quiētus, a, um";"ruhig, untätig";66;R_S
"quīn? (im Hauptsatz)";"warum nicht?";18;R_S
"quīndecim (indekl.)";"fünfzehn";49;R_S
"quīnque (indekl.)";"fünf";12;R_S
"quīntus, a, um";"der (die, das) fünfte";29;R_S
"quis?";"wer?";3;R_S
"quō?";"wohin? wo?";51;R_S
"quod (Subj.)";"weil; dass";20;R_S
"quoque (nachgestellt)";"auch";45;R_S
"Ego quoque gaudeō.";"Auch ich freue mich.";45;R_S
"quot?";"wie viel(e)?";47;R_S
"Quot senātōrēs adsunt?";"Wie viele Senatoren sind da?";47;R_S
"radius";"Strahl, (Rad-)Speiche";66;R_S
"rapere, rapiō, rapuī, raptum";"wegführen, rauben, wegreißen";47;R_S
"recitāre, recitō";"vortragen, vorlesen";52;R_S
"rēctē (Adv.)";"richtig, zu Recht";4;R_S
"reddere, reddō, reddidī, redditum";"zurückgeben, zurückgehen, machen; jdn. zu etw. machen";57;R_S
"redīre, redeō, redīī";"zurückkehren";48;R_S
"redūcere, redūcō, redūxī, reductum";"zurückführen";58;R_S
"regere, regō, rēxī, rēctum";"beherrschen, lenken";59;R_S
"regiō, regiōnis (f)";"Gebiet, Gegend, Richtung";24;R_S
"religiō, religiōnis (f)";"Glaube, Aberglaube, (Gottes-)Verehrung, Frömmigkeit, Gewissenhaftigkeit";48;R_S
"relinquere, relinquō, relīquī, relictum";"verlassen";16;R_S
"reliquiae, reliquiārum (f Pl.)";"Überbleibsel, Überrest, Ruine";27;R_S
"remanēre, remaneō, remānsī";"(zurück)bleiben";50;R_S
"repellere, repellō, reppulī";"zurückstoßen, abweisen, vertreiben";34;R_S
"reprehendere, reprehendō, reprehendī, reprehēnsum";"schimpfen, kritisieren";48;R_S
"rēs, reī (f)";"Angelegenheit, Ding, Sache";41;R_S
"rēs adversae (f Pl.)";"Unglück";41;R_S
"rēs futūrae (f Pl.)";"Zukunft";41;R_S
"rēs pūblica";"Staat";41;R_S
"rēs secundae (f Pl.)";"Glück";41;R_S
"resistere, resistō, restitī";"Widerstand leisten, stehen bleiben";39;R_S
"respicere, respiciō, respexī, respectum";"zurückblicken, berücksichtigen";58;R_S
"respondēre, respondeō, respondī";"antworten";3;R_S
"restituere, restituō, restituī, restitūtum";"wiederherstellen";67;R_S
"retinēre, retineō, retinuī, retentum";"zurückhalten, festhalten, behalten";55;R_S
"rēx, rēgis (m)";"König";41;R_S
"rīdēre, rīdeō, rīsī, rīsum";"lachen, auslachen";2;R_S
"rogāre, rogō";"fragen, bitten";8;R_S
"Rōma";"Rom";7;R_S
"Rōmae";"in Rom";67;R_S
"Rōmānus, a, um";"römisch; Subst. Römer, der Einwohner Roms";9;R_S
"Rōmulus / Remus";"Romulus / Remus, Zwillingsbrüder und sagenhafte Gründer Roms";34;R_S
"Sabīnus, a, um";"sabinisch; Subst. Sabiner";38;R_S
"sacer, sacra, sacrum";"heilig, geweiht";62;R_S
"sacerdōs, sacerdōtis (m/f)";"Priester(in)";48;R_S
"sacrum";"Opfer, Heiligtum";18;R_S
"sacrum facere";"ein Opfer bringen, opfern";18;R_S
"saepe (Adv.)";"oft";4;R_S
"salūs, salūtis (f)";"Gesundheit, Rettung, Gruß, Glück";26;R_S
"dē salūte dēspērāre";"die Hoffnung auf Rettung aufgeben";33;R_S
"salūtāre, salūtō";"(be)grüßen";21;R_S
"salvē! salvēte!";"sei(d) gegrüßt!, grüß dich / euch!";21;R_S
"sānctus, a, um";"ehrwürdig, heilig";48;R_S
"sanguis, sanguinis (m)";"Blut";47;R_S
"sapiēns, sapientis";"klug, weise";44;R_S
"Sāturnus";"Saturn, Gott der Saat und der Zeit";59;R_S
"saxum";"Fels, Stein";59;R_S
"scelerātus";"Verbrecher";5;R_S
"scelus, sceleris (n)";"Verbrechen";47;R_S
"scīre, sciō";"wissen, kennen, verstehen";10;R_S
"scrībere, scrībō, scrīpsī, scrīptum";"schreiben, beschreiben";16;R_S
"sē (Akk./Abl.)";"sich";20;R_S
"sēcum";"mit sich, bei sich";32;R_S
"secundus, a, um";"der (die, das) zweite; günstig";29;R_S
"sed";"aber, sondern";3;R_S
"sēdecim (indekl.)";"sechzehn";49;R_S
"sedēre, sedeō, sēdī";"sitzen";3;S_T
"semper (Adv.)";"immer";6;S_T
"senātor, senātōris (m)";"Senator";19;S_T
"senātus, senātūs (m)";"Senat, Senatsversammlung";60;S_T
"senex, senis (m)";"Greis, alter Mann";60;S_T
"sentīre, sentiō, sēnsī";"fühlen, meinen, wahrnehmen";28;S_T
"septem (indekl.)";"sieben";12;S_T
"septendecim (indekl.)";"siebzehn";4;S_T
"septimus, a, um";"der (die, das) siebte";28;S_T
"septingentī, ae, a";"siebenhundert";51;S_T
"septuāgintā (indekl.)";"siebzig";49;S_T
"serva";"Sklavin, Dienerin";1;S_T
"servāre, servō";"bewahren, retten; beobachten";22;S_T
"fidem servāre";"die Treue halten; sein Wort halten";59;S_T
"servāre ā (m. Abl.)";"bewahren vor, retten vor";30;S_T
"servīre, serviō";"dienen, Sklave sein";51;S_T
"servitūs, servitūtis (f)";"Sklaverei";21;S_T
"servus";"Sklave, Diener";1;S_T
"sex (indekl.)";"sechs";14;S_T
"sexāgintā (indekl.)";"sechzig";49;S_T
"sextus, a, um";"der (die, das) sechste";51;S_T
"sī (Subj.)";"wenn, falls";20;S_T
"sibi (Dat.)";"sich";32;S_T
"sīc (Adv.)";"so";8;S_T
"Sicilia";"Sizilien";10;S_T
"sīgnum";"Merkmal, Zeichen; Statue";34;S_T
"silentium";"Schweigen";62;S_T
"silva";"Wald";1;S_T
"simul (Adv.)";"gleichzeitig, zugleich";58;S_T
"sine (Präp. m. Abl.)";"ohne";12;S_T
"sine amīcō";"ohne den Freund";12;S_T
"sine mē";"ohne mich";13;S_T
"sinere, sinō, sīvī";"zulassen, erlauben";43;S_T
"Liberōs vīnum bibere nōn sinimus.";"Wir lassen nicht zu, dass die Kinder Wein trinken.";43;S_T
"singulus, a, um";"je ein, jeder einzelne";65;S_T
"Sisyphus";"Sisyphos, König von Korinth";59;S_T
"socius";"Gefährte, Verbündeter";51;S_T
"sōl, sōlis (m)";"Sonne";24;S_T
"sollicitāre, sollicitō";"aufhetzen, beunruhigen, erregen";45;S_T
"sōlum (Adv.)";"nur";22;S_T
"solvere, solvō, solvī, solūtum";"lösen, auflösen; bezahlen";55;S_T
"poenam solvere";"Strafe bezahlen, bestraft werden";55;S_T
"vincula solvere";"die Fesseln lösen";55;S_T
"somnus";"Schlaf";55;S_T
"sonus";"Ton, Klang, Geräusch";5;S_T
"soror, sorōris (f)";"Schwester";20;S_T
"sors, sortis (f)";"Los, Orakelspruch";43;S_T
"Schicksal (indekl.)";"Schicksal";43;S_T
"speciēs, speciēī (f)";"Anblick, Aussehen, Schein";50;S_T
"spectāre, spectō";"betrachten, ansehen";33;S_T
"spērāre, spērō";"erwarten, hoffen";41;S_T
"spēs, speī (f)";"Erwartung, Hoffnung";56;S_T
"Spurius Tarpēius";"röm. Patrizier";33;S_T
"statim (Adv.)";"sofort";5;S_T
"stāre, stō, stetī";"stehen";16;S_T
"statua";"Statue";28;S_T
"statuere, statuō, statuī, statūtum";"aufstellen, festsetzen";54;S_T
"studēre, studeō (m. Dat.)";"sich bemühen, studieren";4;S_T
"studium";"Beschäftigung, Engagement, Interesse";28;S_T
"stultus, a, um";"dumm";39;S_T
"sub (Präp. m. Abl.)";"unter (wo?)";25;S_T
"sub carrō esse";"unter dem Wagen liegen";25;S_T
"sub (Präp. m. Akk.)";"unter (wohin?)";25;S_T
"sub carrum trahere";"unter den Wagen ziehen";25;S_T
"subīre, subeō, subiī";"auf sich nehmen, herangehen";64;S_T
"subitō (Adv.)";"plötzlich";5;S_T
"suī, suōrum (m Pl.)";"die Seinen, die Ihren, seine (ihre) Leute";65;S_T
"Sulla (m)";"Sulla, röm. Politiker im 1. Jh. v. Chr.";21;S_T
"summus, a, um";"der (die, das) höchste, oberste";18;S_T
"summus mōns";"Berggipfel, die höchste Stelle des Berges";59;S_T
"superāre, superō";"besiegen, überwinden, übertreffen";9;S_T
"superbus, a, um";"stolz, überheblich";40;S_T
"superesse, supersum, superfuī";"überleben, übrig sein";64;S_T
"superī, superōrum (m Pl.)";"die Götter";57;S_T
"supplicium";"Strafe, Hinrichtung; flehentliches Bitten";46;S_T
"supplicīs deōs movēre";"durch flehentliches Bitten die Götter bewegen";46;S_T
"surgere, surgō, surrēxī";"aufrichten; sich erheben, aufstehen";24;S_T
"sustinēre, sustineō, sustinuī";"ertragen, standhalten; die Beleidigungen ertragen";68;S_T
"suus, a, um";"sein, ihr";28;S_T
"Syria";"Syrien";9;S_T
"tabula";"Schreib-Tafel, Gemälde";4;S_T
"tacēre, taceō";"schweigen, verschweigen";2;S_T
"tālis, e";"derartig, ein solcher, so beschaffen";40;S_T
"tam ... quam";"so ... wie";21;S_T
"tam quam ... wie";"so ... wie";21;S_T
"tamen";"dennoch, jedoch";6;S_T
"tamquam (Adv.)";"wie wenn, als ob";64;S_T
"tandem (Adv.)";"endlich";7;S_T
"tangere, tangō, tetigī, tāctum";"berühren";53;S_T
"Tantalus";"Tantalus, Sohn des Jupiter und Vater der Niobe";54;S_T
"tantum (Adv.)";"nachgestellt, nur";5;S_T
"tantus, a, um";"so groß, so viel";19;S_T
"Tarpēia";"Tochter des Spurius Tarpeius";39;T_V
"Tarquinius Superbus";"Tarquinius Superbus, letzter König Roms";45;T_V
"Tartarus";"Tartarus, Unterwelt";40;T_V
"Tatius";"Tatius, König der Sabiner";30;T_V
"taurus";"Stier";53;T_V
"tē (Akk.)";"dich";13;T_V
"tēctum";"Dach; Haus";26;T_V
"tēcum";"mit dir";13;T_V
"tēlum";"Angriffs-Waffe, Geschoss";46;T_V
"templum";"Tempel";11;T_V
"tempestās, tempestātis (f)";"(günstige) Zeit, Umstände";43;T_V
"tempus, temporis (n)";"Zeit";27;T_V
"brevī tempore";"nach kurzer Zeit, bald darauf";59;T_V
"tenēbrae, tenēbrārum (f Pl.)";"Dunkelheit, Finsternis";27;T_V
"tenēre, teneō";"halten, festhalten, besitzen";4;T_V
"memoriā tenēre";"im Gedächtnis behalten";43;T_V
"tergum";"Rücken";53;T_V
"terra";"Erde, Land";22;T_V
"terrēre, terreō, terruī, territum";"erschrecken";3;T_V
"tertius, a, um";"der (die, das) dritte";29;T_V
"thermae, thermārum (f Pl.)";"warme Bäder, Thermen";56;T_V
"Thēseus, Thēseī (m)";"Theseus, athenischer Held";27;T_V
"Tiberis, Tiberis (m)";"der Tiber, Fluss durch Rom";49;T_V
"timēre, timeō, timuī";"Angst haben, fürchten";2;T_V
"timēre, nē";"fürchten, dass";43;T_V
"timor, timōris (m)";"Angst, Furcht";65;T_V
"torquēre, torqueō, torsī, tortum";"drehen, quälen";25;T_V
"tōtus, a, um (Gen. tōtīus, Dat. tōtī)";"ganz, gesamt";50;T_V
"trādere, trādō, trādidī, trāditum";"übergeben";62;T_V
"trahere, trahō, trāxī, trāctum";"schleppen, ziehen";16;T_V
"trāns (Präp. m. Akk.)";"über (... hinaus), jenseits";42;T_V
"trānsīre, trānseō, trānsiī";"über die Berge / jenseits der Berge durchqueren, hinübergehen, überschreiten";63;T_V
"trānsmontēs";"jenseits der Berge";63;T_V
"trecentī, ae, a";"dreihundert";49;T_V
"trēs, tria";"drei";35;T_V
"tribuere, tribuō, tribuī, tribūtum";"schenken, zuteilen";48;T_V
"tribūnus";"Tribun, führender Vertreter eines Stadtbezirkes";60;T_V
"tristis, e";"traurig, unfreundlich";35;T_V
"Trōia";"Troja, Stadt in Kleinasien";31;T_V
"Trōiānus, a, um";"trojanisch; Subst. Trojaner, Einwohner von Troja";44;T_V
"tū (Nom.)";"du (betont)";13;T_V
"tum (Adv.)";"da, dann, darauf, damals";4;T_V
"turba";"Menschen-Menge";7;T_V
"turbāre, turbō";"durcheinanderbringen, stören";45;T_V
"Turnus";"Turnus, Anführer der Rutuler, Gegner des Aeneas";69;T_V
"turpis, e";"unanständig, hässlich, schändlich";35;T_V
"turris, turris (f)";"Turm";49;T_V
"tuus, a, um";"dein";14;T_V
"ubī? / ubi (primum)";"wo? / sobald";10;T_V
"umbra";"Schatten";12;T_V
"Ulixēs, Ulixis (m)";"Ulixes, lat. Name des Odysseus";65;T_V
"umerus";"Oberarm, Schulter";43;T_V
"umquam (Adv.)";"jemals";43;T_V
"unda";"Welle, Gewässer";55;T_V
"unde?";"woher?";9;T_V
"ūndēvīgintī (indekl.)";"neunzehn";49;T_V
"undique (Adv.)";"von allen Seiten, von überallher";52;T_V
"ūnus, a, um";"einer, ein einziger";35;T_V
"ūnus ē / ex (m. Abl.)";"einer von";35;T_V
"urbs, urbis (f)";"Stadt; die Stadt Rom";23;T_V
"circiter Adv.";"ungefähr";50;T_V
"ūsque ad (m. Akk.)";"bis zum, bis (zu)";64;T_V
"ūsuī esse";"von Nutzen sein, nützlich sein";64;T_V
"ūsus, ūsūs (m)";"Nutzen, Benutzung";61;T_V
"ut (Adv.)";"wie";14;T_V
"ut (Subj. m. Konj.)";"dass, sodass, damit; um zu (m. Inf.)";61;T_V
"uxor, uxōris (f)";"Ehefrau";19;T_V
"valē! valēte!";"leb wohl! lebt wohl!";7;V
"valēre, valeō";"gesund sein, stark sein, Einfluss haben";7;V
"multum valēre";"großen Einfluss haben";36;V
"varius, a, um";"bunt, verschieden, vielfältig";22;V
"vehementer, vehementer (vehementiter)";"energisch, heftig";55;V
"vel ... vel";"oder";23;V
"vēnīre, vēniō, vēnī, ventum";"kommen";23;V
"venia";"Gefallen, Nachsicht, Verzeihung";19;V
"vēndere, vēndō, vēndidī, vēnditum";"verkaufen";19;V
"venīre, veniō, vēnī, ventum";"kommen; herangekommen";10;V
"auxiliō venīre";"zu Hilfe kommen";18;V
"velle, volō, voluī";"wollen";20;V
"aqua vel vīnum";"Wasser oder Wein";23;V
"ventum est (m. Inf.)";"man kam";52;V
"ventus";"Wind";6;V
"Venus, Veneris (f)";"Venus, Göttin der Liebe";6;V
"verbum";"Wort, Äußerung";11;V
"vertere, vertō, vertī, versum";"drehen, wenden";29;V
"vester, vestra, vestrum";"euer";63;V
"vestīgium";"Fußsohle, Spur, Stelle";62;V
"vestis, vestis (f)";"Kleidung, Pl. Kleider";16;V
"Vesuvius";"Vesuv, Vulkan in Kampanien";60;V
"vetāre, vetō, vetuī, vetitum (m. Akk.)";"verbieten";58;V
"id abhorret vetō";"ich verbiete dir weggehen";58;V
"vindicāre, vindicō";"beanspruchen, bestrafen; im m. Akk. in Fesseln legen, gefangen";55;V
"vincula solvere";"die Fesseln lösen";55;V
"vincula, vinculōrum (n Pl.)";"Band, Fessel; Pl. Gefängnis";54;V
"in vincula dare";"in Fesseln legen, gefangen";54;V
"vincere, vincō, vīcī, victum";"(be)siegen, überwinden";1;V
"villa";"Haus, Landhaus";1;V
"vigintī (indekl.)";"zwanzig";20;V
"vidēre, videō, vīdī, vīsum";"sehen";7;V
"vidērī, videor, vīsus sum";"scheinen";29;V
"vincere, vincō, vīcī, victum (überwunden)";"besiegen";52;V
"via";"Weg, Straße";1;V
"vetus, veteris";"alt";46;V
"vēritās, vēritātis (f)";"ich verbiete dir, dass du weggehst.";58;V
"victoria";"Sieg";23;V
"victor, victōris (m)";"Sieger";65;V
"vīcus";"Dorf, Gasse";1;V
"videre, video, vidi, visum";"sehen";7;V
"vīnum";"Wein";17;V
"vir, virī (m)";"Mann";15;V
"violāre, violō";"verwunden, verletzen, entehren";33;V
"virgō, virginis (f)";"Mädchen, Jungfrau";53;V
"virtūs, virtūtis (f)";"Tapferkeit, Tüchtigkeit, Leistung";23;V
"vīs, f (Akk. vim, Abl. vī)";"Gewalt, Kraft, Menge";52;V
"vīta";"Leben";15;V
"vīvere, vīvō, vīxī";"leben";32;V
"vītāre, vītō";"meiden, vermeiden";55;V
"vitam agere";"ein Leben führen, leben";38;V
"vīcīnum agere";"ein Leben führen, leben";38;V
"vix (Adv.)";"kaum, (nur) mit Mühe";29;V
"vōbīs (Dat.)";"euch";13;V
"vōbīscum";"mit euch";13;V
"vocāre, vocō";"nennen, benennen, rufen";8;V
"volāre, volō";"fliegen, eilen";55;V
"velle, volō, voluī";"wollen";20;V
"vōs (Nom. Ihr, betont)";"ihr";13;V
"vōx, vōcis (f)";"Stimme, Äußerung, Laut";26;V
"magnā vōce";"mit lauter Stimme";26;V
"Vulcānus";"Gott des Feuers";10;V
"voluntas, voluntātis (f)";"Wille, Absicht";21;V
"volvere, volvō, volvī, volūtum";"rollen, wälzen";47;V
"vulnus, vulneris (n)";"Wunde, Verlust";10;V
"vultus";"Gesicht, Gesichtsausdruck, Gesichtszüge";40;V
